eval/avg_episode_length,eval/episode_action_rate,eval/episode_action_rate_std,eval/episode_ang_vel_xy,eval/episode_ang_vel_xy_std,eval/episode_feet_air_time,eval/episode_feet_air_time_std,eval/episode_lin_vel_z,eval/episode_lin_vel_z_std,eval/episode_orientation,eval/episode_orientation_std,eval/episode_pose,eval/episode_pose_std,eval/episode_reward,eval/episode_reward_std,eval/episode_stand_still,eval/episode_stand_still_std,eval/episode_termination,eval/episode_termination_std,eval/episode_torques,eval/episode_torques_std,eval/episode_tracking_ang_vel,eval/episode_tracking_ang_vel_std,eval/episode_tracking_lin_vel,eval/episode_tracking_lin_vel_std,eval/epoch_eval_time,eval/sps,eval/std_episode_length,eval/walltime,steps,training/entropy_loss,training/kl_mean,training/learning_rate,training/policy_dist_max_loc,training/policy_dist_max_std,training/policy_dist_mean_loc,training/policy_dist_mean_std,training/policy_dist_min_loc,training/policy_dist_min_std,training/policy_loss,training/sps,training/total_loss,training/v_loss,training/walltime,wall_seconds
99.6953125,-26.459321975708008,18.600751876831055,-28.592254638671875,12.139744758605957,0.026187481358647346,0.08707698434591293,-4.789908409118652,2.5044026374816895,-98.73839569091797,42.11381149291992,41.07403564453125,28.535037994384766,0.2528434097766876,0.38623932003974915,-8.145498275756836,26.534685134887695,-1.0,0.0,-12.461721420288086,8.794068336486816,15.514214515686035,12.168129920959473,26.990772247314453,36.85157775878906,62.1188600063324,2060.5658247262054,68.7610855102539,62.1188600063324,0,,,,,,,,,,,,,,,142.21070854299978
959.4609375,-47.964515686035156,8.246943473815918,-40.13172149658203,9.859602928161621,0.9813435077667236,0.4618377685546875,-6.971498489379883,2.1148478984832764,-20.860549926757812,13.18710994720459,440.6624755859375,75.85319519042969,27.421079635620117,5.590277671813965,-21.7996826171875,29.619224548339844,-0.0703125,0.2556729316711426,-57.50066375732422,11.809480667114258,416.47406005859375,72.05877685546875,703.6436767578125,177.4945068359375,53.315858125686646,2400.786642095363,160.85916137695312,115.43471813201904,22937600,0.0458584800362587,0.03972066938877106,0.0003000000142492354,2.485692262649536,1.5162478685379028,0.1678769737482071,0.21958185732364655,-2.002382755279541,0.09386710077524185,-0.015345176681876183,838137.4562724797,0.0307970829308033,0.00028378181741572917,360.13052320480347,586.2618180189997
962.84375,-43.68655776977539,6.135624408721924,-35.28828430175781,8.193963050842285,1.009374737739563,0.36897823214530945,-6.645371437072754,1.9932445287704468,-18.400062561035156,14.654251098632812,431.8701171875,66.68324279785156,29.66105079650879,5.183972358703613,-18.552827835083008,26.875778198242188,-0.078125,0.2683681845664978,-61.168190002441406,11.156598091125488,428.09136962890625,64.89173889160156,800.5406494140625,149.120849609375,3.664335012435913,34931.30392434025,139.81356811523438,119.09905314445496,45875200,0.06510142982006073,0.042491450905799866,0.0003000000142492354,2.9283034801483154,1.1644467115402222,0.20563143491744995,0.20392732322216034,-2.0666379928588867,0.07307550311088562,-0.014168272726237774,838781.8570298132,0.05119556933641434,0.0002624141925480217,632.1004681587219,862.171900674
966.0859375,-42.49844741821289,5.962562561035156,-32.196956634521484,7.41121244430542,0.9686716794967651,0.35115548968315125,-6.399662017822266,2.0967729091644287,-15.450750350952148,13.500411033630371,439.51123046875,66.03831481933594,30.875560760498047,5.026889801025391,-14.804604530334473,22.28000831604004,-0.0703125,0.2556729316711426,-60.23761749267578,10.928938865661621,432.07135009765625,64.30206298828125,837.9641723632812,136.94998168945312,3.6678028106689453,34898.27741766057,136.933837890625,122.7668559551239,68812800,0.07102730870246887,0.04187590256333351,0.0003000000142492354,3.1886866092681885,1.288651943206787,0.2095094472169876,0.19731348752975464,-2.2238006591796875,0.066704660654068,-0.015762317925691605,838677.9461526616,0.055529672652482986,0.0002646796638146043,905.4784557819366,1139.5658163859994
974.1484375,-41.71360778808594,4.858786106109619,-30.007526397705078,7.229663372039795,0.9667497873306274,0.3590102195739746,-6.335844993591309,2.0922083854675293,-15.744123458862305,13.602089881896973,444.09130859375,55.64198303222656,31.244232177734375,4.438758850097656,-15.285268783569336,24.745813369750977,-0.0625,0.24206146597862244,-60.65613555908203,10.627395629882812,440.30499267578125,53.959205627441406,842.46826171875,121.80812072753906,3.6873795986175537,34712.99782859049,113.55782318115234,126.45423555374146,91750400,0.07624898850917816,0.04192911460995674,0.0003000000142492354,3.3458399772644043,1.436875581741333,0.21630904078483582,0.19194653630256653,-2.116230010986328,0.06084335967898369,-0.015996474772691727,837624.7834346284,0.06050491705536842,0.0002524006413295865,1178.906224489212,1416.9538721659997
964.640625,-40.27495574951172,5.345587730407715,-29.799962997436523,7.762889862060547,0.9227030277252197,0.3285897970199585,-6.114968299865723,1.9890036582946777,-16.014768600463867,15.6206636428833,439.9749450683594,64.78128814697266,31.15452003479004,4.902105808258057,-18.61733627319336,27.16057014465332,-0.09375,0.2914806008338928,-60.13249588012695,11.321953773498535,436.41961669921875,62.224029541015625,845.2587890625,133.37869262695312,3.6595828533172607,34976.66404354619,132.17701721191406,130.11381840705872,114688000,0.07694265246391296,0.0406818762421608,0.0003000000142492354,3.420043468475342,1.574370265007019,0.21901580691337585,0.191984161734581,-2.279503345489502,0.06174694746732712,-0.016880445182323456,838585.4709689824,0.060324203222990036,0.00026200347929261625,1452.3898277282715,1694.4432879479996
956.796875,-41.57668685913086,6.444151878356934,-29.90008544921875,7.6034626960754395,0.9600310325622559,0.37219303846359253,-6.3035783767700195,2.1201343536376953,-17.847129821777344,15.1802396774292,436.253662109375,73.92396545410156,30.71047592163086,5.569487571716309,-15.293525695800781,23.9580020904541,-0.0859375,0.2802717387676239,-60.49981689453125,13.061335563659668,431.7629089355469,73.25460815429688,832.0680541992188,150.76451110839844,3.642411708831787,35141.551870601914,157.54217529296875,133.7562301158905,137625600,0.0742945671081543,0.04061887413263321,0.0003000000142492354,3.4633986949920654,1.8807224035263062,0.21351267397403717,0.19693106412887573,-2.41255259513855,0.05742412060499191,-0.017440659925341606,839492.1685564212,0.05713338032364845,0.00027946263435296714,1725.5222058296204,1971.5170239169997
981.828125,-40.613712310791016,4.013226509094238,-28.912464141845703,7.165913105010986,0.879015326499939,0.3303601145744324,-6.008764266967773,1.9127131700515747,-13.40732192993164,11.914624214172363,449.971923828125,42.95785903930664,31.792098999023438,3.527566909790039,-19.405879974365234,26.335132598876953,-0.0546875,0.2273692488670349,-59.68403244018555,10.50827407836914,447.44342041015625,41.42889404296875,855.9129638671875,97.55757141113281,3.66056227684021,34967.3056540618,85.01370239257812,137.4167923927307,160563200,0.07836374640464783,0.040010444819927216,0.0003000000142492354,3.7507522106170654,1.8875150680541992,0.22116848826408386,0.19239573180675507,-2.3348946571350098,0.05788585543632507,-0.01745842769742012,838795.6713426574,0.061179019510746,0.00027369792223908007,1998.8728160858154,2248.8497283579995
965.3984375,-40.18996810913086,5.407019138336182,-28.196895599365234,7.447244167327881,0.9090311527252197,0.2944023609161377,-5.946548938751221,1.8058024644851685,-16.040298461914062,15.000508308410645,443.9084167480469,64.8879165649414,31.58648681640625,4.913410186767578,-14.429851531982422,22.755273818969727,-0.078125,0.2683681845664978,-58.72834014892578,11.702781677246094,440.01751708984375,64.73346710205078,852.7636108398438,131.73602294921875,3.659005880355835,34982.17936385282,135.3233642578125,141.07579827308655,183500800,0.07779856026172638,0.040113817900419235,0.0003000000142492354,3.5486576557159424,1.731471300125122,0.22140933573246002,0.19750994443893433,-2.497892141342163,0.05388293415307999,-0.017591333016753197,838013.222051842,0.06048247218132019,0.00027525401674211025,2272.3120470046997,2526.217451641
938.875,-41.328895568847656,7.750795841217041,-29.12397003173828,7.310776710510254,0.8742966651916504,0.37469273805618286,-6.157248497009277,1.9560141563415527,-18.565906524658203,17.38912010192871,426.24395751953125,90.28634643554688,29.96862030029297,6.860408782958984,-17.942283630371094,27.160524368286133,-0.109375,0.3121091425418854,-60.620689392089844,15.545886039733887,424.8763122558594,90.10942077636719,812.7578735351562,185.90155029296875,3.681781768798828,34765.775930755306,192.54563903808594,144.75758004188538,206438400,0.07768771052360535,0.03908051922917366,0.0003000000142492354,3.7002956867218018,1.8680081367492676,0.22243139147758484,0.19536012411117554,-2.54681134223938,0.057004112750291824,-0.018191847950220108,838921.0447834545,0.05977078154683113,0.00027491472428664565,2545.7350840568542,2803.589350379
